uid,shakiness,concern,stddev,day,month,year
0,175,1,17.1166033721647,30,12,22
1,175,1,17.1166033721647,30,12,22
1,245,1,17.1166033721647,30,12,22
0,800,3,28.56526196274069,1,7,22
0,1051,4,33.175591931418495,3,7,22
