uid,shakiness,concern,stddev,day,month,year
0,175,1,17.1166033721647,30,12,22
1,175,1,17.1166033721647,30,12,22
1,245,1,17.1166033721647,30,12,22
